"","Vertrauenswuerdigkeit","Informationsqualitaet","Einstellung_UGC","Kaufabsicht","Alter","Instagram_Nutzung"
"Vertrauenswuerdigkeit",1,0.480345546909716,0.333108372658839,0.430162616191535,0.0601255013478918,0.0454967169611206
"Informationsqualitaet",0.480345546909716,1,0.280845517556855,0.393755489127154,0.11423396749009,-0.097361214902913
"Einstellung_UGC",0.333108372658839,0.280845517556855,1,0.478671403964537,0.0362624271581025,-0.00887192583572289
"Kaufabsicht",0.430162616191535,0.393755489127154,0.478671403964537,1,0.0658522695272634,-0.102679307285013
"Alter",0.0601255013478918,0.11423396749009,0.0362624271581025,0.0658522695272634,1,-0.0975055176380849
"Instagram_Nutzung",0.0454967169611206,-0.097361214902913,-0.00887192583572289,-0.102679307285013,-0.0975055176380849,1
