"","Vertrauenswuerdigkeit","Informationsqualitaet","Einstellung_UGC","Kaufabsicht","Alter","Instagram_Nutzung"
"Vertrauenswuerdigkeit",0,3.72969948035461e-09,8.39592491091554e-05,2.37088390666047e-07,0.490126833841266,0.600292524888888
"Informationsqualitaet",3.72969948035461e-09,0,0.00101268767322692,2.74549527640942e-06,0.188754747571774,0.261273161813475
"Einstellung_UGC",8.39592491091554e-05,0.00101268767322692,0,5.6164882972678e-09,0.677430382680785,0.918963206333026
"Kaufabsicht",2.37088390666047e-07,2.74549527640942e-06,5.6164882972678e-09,0,0.451393017877285,0.239559223117003
"Alter",0.490126833841266,0.188754747571774,0.677430382680785,0.451393017877285,0,0.26237022357913
"Instagram_Nutzung",0.600292524888888,0.261273161813475,0.918963206333026,0.239559223117003,0.26237022357913,0
