"","Vertrauenswuerdigkeit","Informationsqualitaet","Einstellung_UGC","Kaufabsicht","Alter"
"Vertrauenswuerdigkeit",0,9.5269419945811e-09,7.60624444399247e-05,4.72137726133918e-05,1
"Informationsqualitaet",9.5269419945811e-10,0,0.00112578291545084,7.57371878986431e-06,1
"Einstellung_UGC",1.26770740733208e-05,0.000225156583090167,0,2.79212023832446e-08,1
"Kaufabsicht",6.74482465905597e-06,9.46714848733039e-07,3.10235582036052e-09,0,1
"Alter",0.690557244336827,0.442547270439686,0.494112744934923,0.382700604768973,0
