"","Vertrauenswuerdigkeit","Informationsqualitaet","Einstellung_UGC","Kaufabsicht"
"Vertrauenswuerdigkeit",1,0.495999559316721,0.367303621213142,0.379234196123132
"Informationsqualitaet",0.495999559316721,1,0.31354210625848,0.410111516637129
"Einstellung_UGC",0.367303621213142,0.31354210625848,1,0.485715655441885
"Kaufabsicht",0.379234196123132,0.410111516637129,0.485715655441885,1
