"","Vertrauenswuerdigkeit","Informationsqualitaet","Einstellung_UGC","Kaufabsicht","Alter","Instagram_Nutzung"
"Vertrauenswuerdigkeit",0,1.42904129918716e-08,0.000139447814806529,8.09378959086716e-05,1,1
"Informationsqualitaet",9.5269419945811e-10,0,0.00225156583090167,1.23072930335295e-05,1,1
"Einstellung_UGC",1.26770740733208e-05,0.000225156583090167,0,4.34329814850472e-08,1,1
"Kaufabsicht",6.74482465905597e-06,9.46714848733039e-07,3.10235582036052e-09,0,1,1
"Alter",0.690557244336827,0.442547270439686,0.494112744934923,0.382700604768973,0,0.218415956880444
"Instagram_Nutzung",0.592303759324911,0.665630557127414,0.901612708320756,0.489747273326715,0.0242684396533826,0
