"","Vertrauenswuerdigkeit","Informationsqualitaet","Einstellung_UGC","Kaufabsicht"
"Vertrauenswuerdigkeit",0,5.71616519674866e-09,2.53541481466416e-05,2.02344739771679e-05
"Informationsqualitaet",9.5269419945811e-10,0,0.000225156583090167,3.78685939493216e-06
"Einstellung_UGC",1.26770740733208e-05,0.000225156583090167,0,1.55117791018026e-08
"Kaufabsicht",6.74482465905597e-06,9.46714848733039e-07,3.10235582036052e-09,0
