"","Vertrauenswuerdigkeit","Informationsqualitaet","Einstellung_UGC","Kaufabsicht"
"Vertrauenswuerdigkeit",1,0.492128235162518,0.385304657690281,0.379234196123132
"Informationsqualitaet",0.492128235162518,1,0.325844797655283,0.410111516637129
"Einstellung_UGC",0.385304657690281,0.325844797655283,1,0.485715655441885
"Kaufabsicht",0.379234196123132,0.410111516637129,0.485715655441885,1
