"","Vertrauenswuerdigkeit","Informationsqualitaet","Einstellung_UGC","Kaufabsicht"
"Vertrauenswuerdigkeit",0,1.07166330451275e-08,1.3969100325083e-05,1.3969100325083e-05
"Informationsqualitaet",1.78610550752125e-09,0,0.000129529727932358,3.78685939493216e-06
"Einstellung_UGC",4.65636677502767e-06,0.000129529727932358,0,1.55117791018026e-08
"Kaufabsicht",6.74482465905597e-06,9.46714848733039e-07,3.10235582036052e-09,0
