"Analyse","n","r","p_Wert"
"Geschlecht x Kaufabsicht",133,-0.176762507976589,0.0418168486125218
"Geschlecht x Instagram_Nutzung",134,-0.109515487196008,0.20779599260956
