"Praediktor","R2","Toleranz","Problematisch"
"Vertrauenswuerdigkeit",0.298802230051515,0.701197769948485,FALSE
"Informationsqualitaet",0.263982927017529,0.736017072982471,FALSE
"Einstellung_UGC",0.172947863322624,0.827052136677376,FALSE
