"Praediktor","R2","Toleranz"
"Vertrauenswuerdigkeit",0.298802230051515,0.701197769948485
"Informationsqualitaet",0.263982927017529,0.736017072982471
"Einstellung_UGC",0.172947863322624,0.827052136677376
