"Praediktor","R2","Toleranz","VIF","Bedenklich_ab_2","Cohens_f2","Cohens_f"
"Vertrauenswuerdigkeit",0.298802230051515,0.701197769948485,1.42613117562178,FALSE,NA,NA
"Informationsqualitaet",0.263982927017529,0.736017072982471,1.35866413525956,FALSE,NA,NA
"Einstellung_UGC",0.172947863322624,0.827052136677376,1.20911361648545,FALSE,NA,NA
"Gesamtmodell",0.318124331260305,NA,NA,NA,0.466543016336529,0.683039542293511
